ID,Japanese
0,赤いふなつきば
1,バッザーの湖
2,リンクリーのかくれが
3,フォードノックス
4,トータルリコイル
5,クマさんのお店
6,ココのすいろ
7,命がけのリフト
8,みさきのばんにん バーボス
9,サンゴの森
10,ミンキーのいたずら
11,クラスプロープ
12,リンクリーのかくれが
13,とめられない とまらない
14,クマさんのお店
15,かわべの大あばれ
16,スコークスのすいしゃごや
17,ゆきのかいじん ブリーク
18,タルでたきのぼり
19,クラクラがけっぷち
20,ゆきやまのおとし穴
21,クマさんのお店
22,ひょうめんのドキドキ
23,リンクリーのかくれが
24,レンぎンのにわ
25,レッドウッドで大あばれ
26,どくグモ アリック
27,きけんなジャングル
28,足元に気をつけろ
29,湖のめいろ
30,リンクリーのかくれが
31,クマさんのお店
32,ファイアーボール カービン
33,木のぼり大さくせん
34,雨のロッククライミング
35,ふくしゅうのマシン カオス
36,とこなつのタイトロープ
37,クリフトップ クリターズ
38,ながれに気をつけろ
39,タルタルぱニック
40,クマさんのお店
41,リンクリーのかくれが
42,ブリキ山のちかすいろ
43,おばけタルのどうくつ
44,たいけつ!!クルール
45,ダクトコースター
46,クチャカのぎゃくしゅう
47,あんこくのしょうにゅうどう
48,エリーといっしょ
49,リンクリーのかくれが
50,クマさんのお店
51,タルストリート
52,ぶきみなどうくつ
53,さいごのたいけつ!!クルール
54,コットントップみさき
55,クレミス大へいげん
56,クレムウッドの森
57,オランがタンが湖
58,ブリキのけいこく
